epoch,train_loss,train_heatmap_loss,train_presence_loss,val_loss,val_heatmap_loss,val_presence_loss,test_loss,test_heatmap_loss,test_presence_loss
1,20.66448974609375,0.09994762390851974,0.6749666929244995,,,,,,
2,1252.9598388671875,6.26115608215332,0.7286522388458252,2195423744.0,10977116.0,486.50830078125,,,
3,2485.249267578125,12.422334671020508,0.7822718024253845,,,,,,
4,268.7191162109375,1.3401410579681396,0.6909093856811523,5.114928092413952e+16,255746411331584.0,3256143.25,,,
5,50.01258087158203,0.24661627411842346,0.6893236041069031,,,,,,
6,32.83599853515625,0.16080260276794434,0.6754791140556335,164817993728.0,824089856.0,9164.619140625,,,
7,20.169158935546875,0.09745526313781738,0.6781051158905029,,,,,,
8,6.991786956787109,0.03157096728682518,0.6775931119918823,685746944.0,3428729.0,1110.747802734375,,,
9,3.293752670288086,0.01308603584766388,0.676545262336731,,,,,,
