epoch,train_loss,train_heatmap_loss,train_presence_loss,val_loss,val_heatmap_loss,val_presence_loss,test_loss,test_heatmap_loss,test_presence_loss
1,350.4769287109375,3.4978861808776855,0.6883028745651245,24812.463199013157,248.09050871196547,3.412290351606268,22952.574681332237,229.4959901508532,2.9758303416831615
