epoch,train_loss,train_heatmap_loss,train_presence_loss,val_loss,val_heatmap_loss,val_presence_loss,test_loss,test_heatmap_loss,test_presence_loss
1,350.47528076171875,3.4978694915771484,0.6883195638656616,,,,,,
2,4.696849822998047,0.04007214680314064,0.6896353363990784,1.237844307171671,0.0053817820980360635,0.6996660954073856,1.4435293956806785,0.0074504577971406674,0.6984836333676389
3,1.2387943267822266,0.005489759147167206,0.6898184418678284,,,,,,
4,0.8430776596069336,0.0015891643706709146,0.6841611862182617,0.7984565747411627,0.0010083636612092193,0.6976202098946822,0.7801677270939475,0.0009316350655066536,0.6870042242501911
5,0.7774307131767273,0.0009557899902574718,0.6818516850471497,,,,,,
6,0.7560093402862549,0.0007818811573088169,0.6778212189674377,0.786794060154965,0.0008345532566492789,0.7033387265707317,0.7625562642749987,0.0007501774464464305,0.6875385171488712
