epoch,train_loss,train_heatmap_loss,train_presence_loss,val_loss,val_heatmap_loss,val_presence_loss,test_loss,test_heatmap_loss,test_presence_loss
1,78.18325805664062,0.7750072479248047,0.6825394630432129,,,,,,
2,0.9363428354263306,0.0026311331894248724,0.6732295751571655,,,,,,
3,0.7442455887794495,0.0007129956502467394,0.6729459762573242,,,,,,
4,0.734853982925415,0.00061942043248564,0.6729120016098022,,,,,,
